<?xml version="1.0" ?>
<LOG_ROOT>
	<PROJECT NAME="mimicro">
		<CBX_INST_ENTRY INSTANCE_NAME="|mimicro|MI_CPU:inst|MI_CPU_CPU:cpu|MI_CPU_CPU_nios2_oci:the_MI_CPU_CPU_nios2_oci|MI_CPU_CPU_nios2_ocimem:the_MI_CPU_CPU_nios2_ocimem|MI_CPU_CPU_ociram_sp_ram_module:MI_CPU_CPU_ociram_sp_ram|altsyncram:the_altsyncram" CBX_FILE_NAME="altsyncram_2f71.tdf"/>
		<CBX_INST_ENTRY INSTANCE_NAME="|mimicro|MI_CPU:inst|MI_CPU_CPU:cpu|MI_CPU_CPU_register_bank_a_module:MI_CPU_CPU_register_bank_a|altsyncram:the_altsyncram" CBX_FILE_NAME="altsyncram_u1g1.tdf"/>
		<CBX_INST_ENTRY INSTANCE_NAME="|mimicro|MI_CPU:inst|MI_CPU_CPU:cpu|MI_CPU_CPU_register_bank_b_module:MI_CPU_CPU_register_bank_b|altsyncram:the_altsyncram" CBX_FILE_NAME="altsyncram_v1g1.tdf"/>
		<CBX_INST_ENTRY INSTANCE_NAME="|mimicro|MI_CPU:inst|MI_CPU_jtag_uart:jtag_uart|MI_CPU_jtag_uart_scfifo_w:the_MI_CPU_jtag_uart_scfifo_w|scfifo:wfifo" CBX_FILE_NAME="scfifo_jr21.tdf"/>
		<CBX_INST_ENTRY INSTANCE_NAME="|mimicro|MI_CPU:inst|MI_CPU_RAM:ram|altsyncram:the_altsyncram" CBX_FILE_NAME="altsyncram_6nb1.tdf"/>
		<CBX_INST_ENTRY INSTANCE_NAME="|mimicro|MI_CPU:inst|MI_CPU_jtag_uart:jtag_uart|MI_CPU_jtag_uart_scfifo_r:the_MI_CPU_jtag_uart_scfifo_r|scfifo:rfifo" CBX_FILE_NAME="scfifo_jr21.tdf"/>
	</PROJECT>
</LOG_ROOT>
